INSERT INTO coffee_houses( address, space, rental_price, mobile_number)
    VALUES ('Хмельницьке шосе, 20, Вінниця, Вінницька область', 28, 7400, '+380463785382');

INSERT INTO coffee_houses( address, space, rental_price, mobile_number)
    VALUES ('вулиця Пирогова, 52а, Вінниця, Вінницька область', 18, 4600, '+380463723853');

INSERT INTO coffee_houses( address, space, rental_price, mobile_number)
    VALUES ('вулиця Театральна, 41, Вінниця, Вінницька область', 23, 8300, '+380428955391');

INSERT INTO coffee_houses( address, space, rental_price, mobile_number)
    VALUES ('площа Гагаріна, Вінниця, Вінницька область', 13, 3400, '+380478395382');

INSERT INTO coffee_houses( address, space, rental_price, mobile_number)
    VALUES ('вулиця Пирогова, 107, Вінниця, Вінницька область', 32, 5200, '+380913785056');

INSERT INTO coffee_houses( address, space, rental_price, mobile_number)
    VALUES ('Юності 43-а, Вінниця, Vinnytska oblast', 14, 4000, '+380963785322');

INSERT INTO coffee_houses( address, space, rental_price, mobile_number)
    VALUES ('вулиця Келецька, 100, Вінниця, Вінницька область', 30, 3900, '+380893785364');

INSERT INTO coffee_houses( address, space, rental_price, mobile_number)
    VALUES ('вулиця Пирогова, 42, Вінниця, Вінницька область', 70, 24000, '+380956735363');

INSERT INTO coffee_houses( address, space, rental_price, mobile_number)
    VALUES ('вулиця Кропивницького, 1, Вінниця, Вінницька область', 19, 5100, '+380913785672');

INSERT INTO coffee_houses( address, space, rental_price, mobile_number)
    VALUES ('проспект Юності, 43-45, Вінниця, Вінницька область', 24, 5400, '+38047252382');

INSERT INTO coffee_houses( address, space, rental_price, mobile_number)
    VALUES ('вул. Грушевського, 28, Вінниця, Вінницька область', 21, 4900, '+380783985382');

INSERT INTO coffee_houses( address, space, rental_price, mobile_number)
    VALUES ('вулиця Волошкова, 7, Вінниця, Вінницька область', 18, 4200, '+380482967382');



INSERT INTO employees(full_name, birthday_date, mobile_number, address, passport, sex)
    VALUES ('СТРУК Любов Дмитрівна', 293691724, '+380482967382', 'Пушкіна 13', 'ВН4289485', 'male');

INSERT INTO employees(full_name, birthday_date, mobile_number, address, passport, sex)
    VALUES ('САФРОНОВА Наталія Віталіївна', 293691954, '+380837461082', 'Пушкіна 13', 'ВН4123487', 'male');

INSERT INTO employees(full_name, birthday_date, mobile_number, address, passport, sex)
    VALUES ('ПАЛАМАРЧУК Людмила Василівна', 293661721, '+380922976312', 'Пушкіна 13', 'ВН4289178', 'male');

INSERT INTO employees(full_name, birthday_date, mobile_number, address, passport, sex)
    VALUES ('МОСПАНЮК Анатолій Миколайович', 293691652, '+380952967932', 'Пушкіна 13', 'ВН2489845', 'female');

INSERT INTO employees(full_name, birthday_date, mobile_number, address, passport, sex)
    VALUES ('ЗАСАДКО Юлія Дмитрівна', 293699911, '+380682989311', 'Пушкіна 13', 'ВН4784311', 'male');

INSERT INTO employees(full_name, birthday_date, mobile_number, address, passport, sex)
    VALUES ('НОВОСАД Валентин Леонідович', 293694826, '+380982967313', 'Пушкіна 13', 'ВН7289582', 'female');

INSERT INTO employees(full_name, birthday_date, mobile_number, address, passport, sex)
    VALUES ('ТИМЧУК Олена Володимирівна', 293693709, '+380742967738', 'Пушкіна 13', 'ВН7489487', 'male');

INSERT INTO employees(full_name, birthday_date, mobile_number, address, passport, sex)
    VALUES ('АРТИЩУК Валентина Василівна', 293696732, '+380232991368', 'Пушкіна 13', 'ВН4282482', 'male');

INSERT INTO employees(full_name, birthday_date, mobile_number, address, passport, sex)
    VALUES ('НОВОСАД Руслана Павлівна', 293693726, '+380982962328', 'Пушкіна 13', 'ВН4239487', 'male');

INSERT INTO employees(full_name, birthday_date, mobile_number, address, passport, sex)
    VALUES ('Ільюк Ростислав Анатолійович', 293691756, '+380485617382', 'Пушкіна 13', 'ВН6289422', 'female');

INSERT INTO employees(full_name, birthday_date, mobile_number, address, passport, sex)
    VALUES ('ІВАНЮК Любов Феодосіївна', 293691634, '+380552967343', 'Пушкіна 13', 'ВН2189487', 'male');


INSERT INTO coffee_drinks(name, price, native_price, description)
    VALUES ('Café con Leche', 22, 11, 'португальська або іспанська темний кави з додаванням цукру і молока.');

INSERT INTO coffee_drinks(name, price, native_price, description)
    VALUES ('Demi-crème', 31, 14, 'кава з вершками або молоком у рівних пропорціях.');

INSERT INTO coffee_drinks(name, price, native_price, description)
    VALUES ('Granita de Caffe', 26, 13, 'холодний еспресо, подається з льодом.');

INSERT INTO coffee_drinks(name, price, native_price, description)
    VALUES ('Айріш', 50, 20, ' каву з алкоголем і з збитими густими вершками. Подається у спеціальних айріш — келихах.');

INSERT INTO coffee_drinks(name, price, native_price, description)
    VALUES ('Амерікано, americano', 41, 19, 'кава еспресо, розведений водою. Американо готується на еспресо—кавоварки: бариста після приготування 30 мл еспрессо не вимикає кавоварку, а продовжує пропускати воду до отримання обсягу 120-160 мл');

INSERT INTO coffee_drinks(name, price, native_price, description)
    VALUES ('Глясе', 35, 16, 'прохолодний кави з кулькою морозива. Подається в айріш — келиху з трубочкою.');

INSERT INTO coffee_drinks(name, price, native_price, description)
    VALUES ('Доппіо', 26, 14, 'еспрессо подвійної порції.');

INSERT INTO coffee_drinks(name, price, native_price, description)
    VALUES ('Капучино', 26, 10, 'кава з збитим в гарячу піну молоком і пишною шовковистою молочно-кавової піною («капюшоном»). Свою назву він отримав завдяки ченцям ордену капуцинів, які, згідно з легендою, першими придумали додавати в каву збите молоко.');

INSERT INTO coffee_drinks(name, price, native_price, description)
    VALUES ('Кон панна (конпанна)', 29, 12, 'еспресо з пишною шапкою зі збитих вершків, посипаній меленою корицею. «Кон панна» в перекладі з італійського означає «з вершками». Подають еспрессо кон панна в чашці для капучино.');

INSERT INTO coffee_drinks(name, price, native_price, description)
    VALUES ('Латте', 29, 14, 'кавовий коктейль, що складається з однієї частини еспрессо і двох частин прогрітого молока з піною. «Латте» (наголос на перший склад) — в перекладі з італійської означає молоко. ');

INSERT INTO coffee_drinks(name, price, native_price, description)
    VALUES ('Мокко', 34, 18, 'кава з додаванням шоколаду або, іноді, кави по-східному.');

INSERT INTO coffee_drinks(name, price, native_price, description)
    VALUES ('Еспресо (espresso)', 19, 9, 'міцний чорний кава, зварена за допомогою кавомашини. Існує два трактування перекладу з італійської «espresso» — 1) «швидкий», 2) «спресований», «зварений під тиском». Еспресо вважають «королем» серед кави.');


INSERT INTO positions(name, avg_salary, priority, description)
    VALUES ('генеральний директор', 20000, 0, 'може бути власником, акціонером підприємства або найнятим працівником. Керує діяльністю підприємства, кавярні. Насамперед є першою особою, розпорядником кредитів, укладає контракти;');

INSERT INTO positions(name, avg_salary, priority, description)
    VALUES ('виконавчий директор', 14000, 1, 'повноважний представник хазяїна чи власника невеликої кавярні;');

INSERT INTO positions(name, avg_salary, priority, description)
    VALUES ('директор з кадрів', 8000, 3, 'відповідає за добір і розстановку кадрів');

INSERT INTO positions(name, avg_salary, priority, description)
    VALUES ('адміністратор', 8000, 5, '');

INSERT INTO positions(name, avg_salary, priority, description)
    VALUES ('бариста', 5000, 7, 'готує каву');

INSERT INTO positions(name, avg_salary, priority, description)
    VALUES ('прибиральник', 3200, 10, 'прибирає кавярню');



INSERT INTO suppliers(full_name, company, product, mobile_number, manager, coffee_house)
    VALUES ('КОВАЛЕНКО МИКОЛА МИКОЛАЙОВИЧ', 'Владікофф-Україна, ТОВ', 'молоко', '+380982962328', 'ТКАЧЕНКО МИКОЛА ІВАНОВИЧ', 'площа Гагаріна, Вінниця, Вінницька область');

INSERT INTO suppliers(full_name, company, product, mobile_number, manager, coffee_house)
    VALUES ('КРАВЧЕНКО МИКОЛА ІВАНОВИЧ', 'Кофітон, ТОВ', 'деревяні палочки', '+380982965328', 'БОНДАРЕНКО ОЛЕКСАНДР ІВАНОВИЧ', 'вулиця Келецька, 100, Вінниця, Вінницька область');

INSERT INTO suppliers(full_name, company, product, mobile_number, manager, coffee_house)
    VALUES ('ОЛІЙНИК МИКОЛА ІВАНОВИЧ', 'Кофе-Брейк, ТОВ', 'сироп', '+380982923028', 'МЕЛЬНИК ОЛЕКСАНДР ІВАНОВИЧ', 'вулиця Театральна, 41, Вінниця, Вінницька область');

INSERT INTO suppliers(full_name, company, product, mobile_number, manager, coffee_house)
    VALUES ('БОЙКО ВАСИЛЬ ІВАНОВИЧ', 'Укрсоюз, ДК', 'цукор', '+380982962328', 'ЛИСЕНКО МИКОЛА ІВАНОВИЧ', 'вулиця Пирогова, 52а, Вінниця, Вінницька область');

INSERT INTO suppliers(full_name, company, product, mobile_number, manager, coffee_house)
    VALUES ('КОВАЛЕНКО ВОЛОДИМИР ІВАНОВИЧ', 'Смачна кава, ПП', 'кавові зерна', '+380982962189', 'ТКАЧЕНКО ВОЛОДИМИР МИКОЛАЙОВИЧ', 'вулиця Пирогова, 52а, Вінниця, Вінницька область');

INSERT INTO suppliers(full_name, company, product, mobile_number, manager, coffee_house)
    VALUES ('ІВАНОВ ІВАН ІВАНОВИЧ', 'АТТАР, ТОВ', 'одноразові стакани 220-230', '+380982962414', 'КОВАЛЕНКО СЕРГІЙ МИКОЛАЙОВИЧ', 'вулиця Пирогова, 52а, Вінниця, Вінницька область');

INSERT INTO suppliers(full_name, company, product, mobile_number, manager, coffee_house)
    VALUES ('ШЕВЧЕНКО ВОЛОДИМИР МИКОЛАЙОВИЧ', 'Тростнецька фабрика ПАТ Монделіс Україна', 'вода', '+380982962328', 'ШЕВЧЕНКО СЕРГІЙ ІВАНОВИЧ', 'вулиця Келецька, 100, Вінниця, Вінницька область');

INSERT INTO suppliers(full_name, company, product, mobile_number, manager, coffee_house)
    VALUES ('КОВАЛЕНКО ОЛЕКСАНДР ІВАНОВИЧ', 'Беліса, ТОВ', 'серветки', '+380982962373', 'КОВАЛЬЧУК МИКОЛА ВАСИЛЬОВИЧ', 'вулиця Театральна, 41, Вінниця, Вінницька область');

INSERT INTO suppliers(full_name, company, product, mobile_number, manager, coffee_house)
    VALUES ('БОЙКО ВОЛОДИМИР ІВАНОВИЧ', 'Кофітон, ТОВ', 'одноразові стакани 150-300', '+380982962328', 'КРАВЧЕНКО ВОЛОДИМИР МИКОЛАЙОВИЧ', 'вулиця Театральна, 41, Вінниця, Вінницька область');

INSERT INTO suppliers(full_name, company, product, mobile_number, manager, coffee_house)
    VALUES ('БОНДАРЕНКО ОЛЕКСАНДР ІВАНОВИЧ', 'Кавовий Млин, ПП', 'молоко', '+380982962328', 'КОВАЛЕНКО СЕРГІЙ МИКОЛАЙОВИЧ', 'вулиця Келецька, 100, Вінниця, Вінницька область');



INSERT INTO contracts(contract_number, position, start_date, end_date, hours_per_week,
            employee, coffee_house, salary, vacation)
    VALUES (38899434, 'бариста', 1524348869, null, 40,
            'МОСПАНЮК Анатолій Миколайович', 'вулиця Пирогова, 42, Вінниця, Вінницька область', 4500, 24);

INSERT INTO contracts(contract_number, position, start_date, end_date, hours_per_week,
            employee, coffee_house, salary, vacation)
    VALUES (38899435, 'прибиральник', 1524348869, null, 40,
            'НОВОСАД Валентин Леонідович', 'Юності 43-а, Вінниця, Vinnytska oblast', 2900, 24);

INSERT INTO contracts(contract_number, position, start_date, end_date, hours_per_week,
            employee, coffee_house, salary, vacation)
    VALUES (38899436, 'виконавчий директор', 1524348869, null, 40,
            'ЗАСАДКО Юлія Дмитрівна', 'вулиця Кропивницького, 1, Вінниця, Вінницька область', 15000, 24);

INSERT INTO contracts(contract_number, position, start_date, end_date, hours_per_week,
            employee, coffee_house, salary, vacation)
    VALUES (38899437, 'бариста', 1524348869, null, 40,
            'АРТИЩУК Валентина Василівна', 'вулиця Пирогова, 42, Вінниця, Вінницька область', 4500, 24);

INSERT INTO contracts(contract_number, position, start_date, end_date, hours_per_week,
            employee, coffee_house, salary, vacation)
    VALUES (38899438, 'адміністратор', 1524348869, null, 40,
            'НОВОСАД Руслана Павлівна', 'вулиця Волошкова, 7, Вінниця, Вінницька область', 9000, 24);

INSERT INTO contracts(contract_number, position, start_date, end_date, hours_per_week,
            employee, coffee_house, salary, vacation)
    VALUES (38899439, 'бариста', 1524348869, null, 40,
            'Ільюк Ростислав Анатолійович', 'вулиця Пирогова, 107, Вінниця, Вінницька область', 5500, 24);

INSERT INTO contracts(contract_number, position, start_date, end_date, hours_per_week,
            employee, coffee_house, salary, vacation)
    VALUES (38899440, 'директор з кадрів', 1524348869, null, 40,
            'ІВАНЮК Любов Феодосіївна', 'вулиця Пирогова, 107, Вінниця, Вінницька область', 9000, 24);



INSERT INTO sales_reports(coffee_drink, employee, price_with_vat, sale_date, coffee_house)
    VALUES ('Granita de Caffe', 'АРТИЩУК Валентина Василівна', 28, 1524348869, 'вулиця Пирогова, 42, Вінниця, Вінницька область');

INSERT INTO sales_reports(coffee_drink, employee, price_with_vat, sale_date, coffee_house)
    VALUES ('Мокко', 'АРТИЩУК Валентина Василівна', 36, 1524348879, 'вулиця Пирогова, 42, Вінниця, Вінницька область');

INSERT INTO sales_reports(coffee_drink, employee, price_with_vat, sale_date, coffee_house)
    VALUES ('Еспресо (espresso)', 'АРТИЩУК Валентина Василівна', 21, 1524348884, 'вулиця Пирогова, 42, Вінниця, Вінницька область');

INSERT INTO sales_reports(coffee_drink, employee, price_with_vat, sale_date, coffee_house)
    VALUES ('Айріш', 'АРТИЩУК Валентина Василівна', 54, 1524348889, 'вулиця Пирогова, 42, Вінниця, Вінницька область');

INSERT INTO sales_reports(coffee_drink, employee, price_with_vat, sale_date, coffee_house)
    VALUES ('Айріш', 'АРТИЩУК Валентина Василівна', 54, 1524348899, 'вулиця Пирогова, 42, Вінниця, Вінницька область');

INSERT INTO sales_reports(coffee_drink, employee, price_with_vat, sale_date, coffee_house)
    VALUES ('Глясе', 'АРТИЩУК Валентина Василівна', 36, 1524348935, 'вулиця Пирогова, 42, Вінниця, Вінницька область');

INSERT INTO sales_reports(coffee_drink, employee, price_with_vat, sale_date, coffee_house)
    VALUES ('Капучино', 'Ільюк Ростислав Анатолійович', 28, 1524349965, 'вулиця Пирогова, 107, Вінниця, Вінницька область');

INSERT INTO sales_reports(coffee_drink, employee, price_with_vat, sale_date, coffee_house)
    VALUES ('Глясе', 'Ільюк Ростислав Анатолійович', 36, 1524349985, 'вулиця Пирогова, 107, Вінниця, Вінницька область');

INSERT INTO sales_reports(coffee_drink, employee, price_with_vat, sale_date, coffee_house)
    VALUES ('Латте', 'Ільюк Ростислав Анатолійович', 31, 1524349995, 'вулиця Пирогова, 107, Вінниця, Вінницька область');